{
  "routes": [
    {
      "method": "GET",
      "path": "/airs/city",
      "handler": "Air.findCity",
      "config": {
        "policies": []
      }
    },
    {
      "method": "GET",
      "path": "/airs/sale",
      "handler": "Air.sale",
      "config": {
        "policies": []
      }
    },
    {
      "method": "GET",
      "path": "/airs/city_sort",
      "handler": "Air.findCitySort",
      "config": {
        "policies": []
      }
    },
    {
      "method": "GET",
      "path": "/airs",
      "handler": "Air.find",
      "config": {
        "policies": []
      }
    },
    {
      "method": "GET",
      "path": "/airs/count",
      "handler": "Air.count",
      "config": {
        "policies": []
      }
    },
    {
      "method": "GET",
      "path": "/airs/:id",
      "handler": "Air.findOne",
      "config": {
        "policies": []
      }
    },
    {
      "method": "POST",
      "path": "/airs",
      "handler": "Air.create",
      "config": {
        "policies": []
      }
    },
    {
      "method": "PUT",
      "path": "/airs/:id",
      "handler": "Air.update",
      "config": {
        "policies": []
      }
    },
    {
      "method": "DELETE",
      "path": "/airs/:id",
      "handler": "Air.destroy",
      "config": {
        "policies": []
      }
    }
  ]
}
