{
  "routes": [
    {
      "method": "GET",
      "path": "/province/search",
      "handler": "Discity.search",
      "config": {
        "policies": []
      }
    },
    {
      "method": "GET",
      "path": "/cities",
      "handler": "Discity.find",
      "config": {
        "policies": []
      }
    },
    {
      "method": "GET",
      "path": "/discities/count",
      "handler": "Discity.count",
      "config": {
        "policies": []
      }
    },
    {
      "method": "GET",
      "path": "/discities/:id",
      "handler": "Discity.findOne",
      "config": {
        "policies": []
      }
    },
    {
      "method": "POST",
      "path": "/discities",
      "handler": "Discity.create",
      "config": {
        "policies": []
      }
    },
    {
      "method": "PUT",
      "path": "/discities/:id",
      "handler": "Discity.update",
      "config": {
        "policies": []
      }
    },
    {
      "method": "DELETE",
      "path": "/discities/:id",
      "handler": "Discity.destroy",
      "config": {
        "policies": []
      }
    }
  ]
}