{
  "routes": [
    {
      "method": "GET",
      "path": "/hotels/comments",
      "handler": "Hotel.comments",
      "config": {
        "policies": []
      }
    },
    {
      "method": "GET",
      "path": "/hotels/options",
      "handler": "Hotel.options",
      "config": {
        "policies": []
      }
    },
    {
      "method": "GET",
      "path": "/hotels",
      "handler": "Hotel.find",
      "config": {
        "policies": []
      }
    },
    {
      "method": "GET",
      "path": "/hotels/count",
      "handler": "Hotel.count",
      "config": {
        "policies": []
      }
    },
    {
      "method": "GET",
      "path": "/hotels/:id",
      "handler": "Hotel.findOne",
      "config": {
        "policies": []
      }
    },
    {
      "method": "POST",
      "path": "/hotels",
      "handler": "Hotel.create",
      "config": {
        "policies": []
      }
    },
    {
      "method": "PUT",
      "path": "/hotels/:id",
      "handler": "Hotel.update",
      "config": {
        "policies": []
      }
    },
    {
      "method": "DELETE",
      "path": "/hotels/:id",
      "handler": "Hotel.destroy",
      "config": {
        "policies": []
      }
    }
  ]
}