{
  "connection": "default",
  "collectionName": "airorders",
  "info": {
    "name": "airorder",
    "description": ""
  },
  "options": {
    "increments": true,
    "timestamps": true,
    "comment": ""
  },
  "attributes": {
    "users": {
      "default": "",
      "type": "json"
    },
    "contactName": {
      "default": "",
      "type": "string"
    },
    "contactPhone": {
      "default": "",
      "type": "string"
    },
    "invoice": {
      "default": false,
      "type": "boolean"
    },
    "price": {
      "default": "",
      "type": "float"
    },
    "air": {
      "model": "air",
      "via": "airorders"
    },
    "insuranceIds": {
      "default": "",
      "type": "json"
    },
    "account": {
      "model": "account",
      "via": "airorders"
    },
    "status": {
      "default": "",
      "type": "integer"
    },
    "orderNo": {
      "default": "",
      "type": "string"
    },
    "payInfo": {
      "default": "",
      "type": "json"
    }
  }
}