{
  "routes": [
    {
      "method": "GET",
      "path": "/posts/cities",
      "handler": "Post.cities",
      "config": {
        "policies": []
      }
    },
    {
      "method": "GET",
      "path": "/posts/star",
      "handler": "Post.star",
      "config": {
        "policies": []
      }
    },
    {
      "method": "GET",
      "path": "/posts/like",
      "handler": "Post.like",
      "config": {
        "policies": []
      }
    },
    {
      "method": "GET",
      "path": "/posts/comments",
      "handler": "Post.comments",
      "config": {
        "policies": []
      }
    },
    {
      "method": "GET",
      "path": "/posts",
      "handler": "Post.find",
      "config": {
        "policies": []
      }
    },
    {
      "method": "GET",
      "path": "/posts/recommend",
      "handler": "Post.recommend",
      "config": {
        "policies": []
      }
    },
    {
      "method": "GET",
      "path": "/posts/count",
      "handler": "Post.count",
      "config": {
        "policies": []
      }
    },
    {
      "method": "GET",
      "path": "/posts/:id",
      "handler": "Post.findOne",
      "config": {
        "policies": []
      }
    },
    {
      "method": "POST",
      "path": "/posts",
      "handler": "Post.create",
      "config": {
        "policies": []
      }
    },
    {
      "method": "PUT",
      "path": "/posts/:id",
      "handler": "Post.update",
      "config": {
        "policies": []
      }
    },
    {
      "method": "DELETE",
      "path": "/posts/:id",
      "handler": "Post.destroy",
      "config": {
        "policies": []
      }
    }
  ]
}