{
  "routes": [
    {
      "method": "GET",
      "path": "/plugins",
      "handler": "Admin.plugins",
      "config": {
        "policies": []
      }
    },
    {
      "method": "GET",
      "path": "/currentEnvironment",
      "handler": "Admin.getCurrentEnvironment",
      "policies": []
    },
    {
      "method": "GET",
      "path": "/gaConfig",
      "handler": "Admin.getGaConfig",
      "policies": []
    },
    {
      "method": "GET",
      "path": "/strapiVersion",
      "handler": "Admin.getStrapiVersion",
      "policies": []
    },
    {
      "method": "GET",
      "path": "/layout",
      "handler": "Admin.getLayout",
      "policies": []
    },
    {
      "method": "POST",
      "path": "/plugins/install",
      "handler": "Admin.installPlugin",
      "config": {
        "policies": []
      }
    },
    {
      "method": "DELETE",
      "path": "/plugins/uninstall/:plugin",
      "handler": "Admin.uninstallPlugin",
      "config": {
        "policies": []
      }
    }
  ]
}
