{
  "routes": [
    {
      "method": "GET",
      "path": "/comments/like",
      "handler": "Comment.like",
      "config": {
        "policies": []
      }
    },
    {
      "method": "GET",
      "path": "/comments",
      "handler": "Comment.find",
      "config": {
        "policies": []
      }
    },
    {
      "method": "GET",
      "path": "/comments/count",
      "handler": "Comment.count",
      "config": {
        "policies": []
      }
    },
    {
      "method": "GET",
      "path": "/comments/:id",
      "handler": "Comment.findOne",
      "config": {
        "policies": []
      }
    },
    {
      "method": "POST",
      "path": "/comments",
      "handler": "Comment.create",
      "config": {
        "policies": []
      }
    },
    {
      "method": "PUT",
      "path": "/comments/:id",
      "handler": "Comment.update",
      "config": {
        "policies": []
      }
    },
    {
      "method": "DELETE",
      "path": "/comments/:id",
      "handler": "Comment.destroy",
      "config": {
        "policies": []
      }
    }
  ]
}