{
  "connection": "default",
  "collectionName": "discities",
  "info": {
    "name": "discity",
    "description": ""
  },
  "options": {
    "increments": true,
    "timestamps": true,
    "comment": ""
  },
  "attributes": {
    "name": {
      "default": "",
      "type": "string"
    },
    "code": {
      "default": "",
      "type": "string"
    },
    "parentCode": {
      "default": "",
      "type": "string"
    },
    "level": {
      "default": "",
      "type": "string"
    },
    "scenics": {
      "collection": "scenic",
      "via": "city"
    },
    "hotels": {
      "collection": "hotel",
      "via": "city"
    },
    "posts": {
      "collection": "post",
      "via": "city"
    },
    "sort": {
      "default": "",
      "type": "string"
    }
  }
}